sample	batch	genotype	age	tissue	expected	variants	snps	indels	chrM_depth
MAid261_AK79	NVS024	WT	Young	Ovary	Lowest	4	1	3	623.94
MAid261_AK87	NVS024	RECdelMTS	Young	Ovary	Low	6	2	4	284.56
MAid261_AK89	NVS024	RECdelMTS	Young	Ovary	Low	1	0	1	485.12
MAid261_AK93	NVS024	RECdelMTS	Young	Ovary	Low	0	0	0	364.3
MAid261_AK71	NVS024	RECKO	Young	Ovary	Low	2	0	2	448.97
MAid261_AK73	NVS024	RECKO	Young	Ovary	Low	3	1	2	457.52
MAid261_AK77	NVS024	RECKO	Young	Ovary	Low	3	0	3	1173.92
MAid261_AK41	NVS024	WT	Old	Ovary	High	4	0	4	1196.34
MAid261_AK44	NVS024	WT	Old	Ovary	High	3	1	2	965.34
MAid261_AK50	NVS024	WT	Old	Ovary	High	3	1	2	344.51
MAid261_AK53	NVS024	RECdelMTS	Old	Ovary	High	3	0	3	676.5
MAid261_AK59	NVS024	RECdelMTS	Old	Ovary	High	2	0	2	483.28
MAid261_AK62	NVS024	RECdelMTS	Old	Ovary	High	2	0	2	456.93
MAid261_AK29	NVS024	RECKO	Old	Ovary	High	2	0	2	921.65
MAid261_AK32	NVS024	RECKO	Old	Ovary	High	3	1	2	948.85
MAid261_AK35	NVS024	RECKO	Old	Ovary	High	4	1	3	607.15
MAid261_AK167	NVS036	WT	Young	LongPCR	Lowest	44	5	39	10202.35
MAid261_AK166	NVS036	WT	Young	LongPCR	Lowest	58	17	41	14784.76
MAid261_AK171	NVS036	WT	Young	LongPCR	Lowest	72	10	62	22782.21
MAid261_AK169	NVS036	WT	Young	LongPCR	Lowest	52	8	44	16941.45
MAid261_AK165	NVS036	RECdelMTS	Young	LongPCR	Low	67	31	36	9023.73
MAid261_AK160	NVS036	RECdelMTS	Young	LongPCR	Low	44	5	39	10473.17
MAid261_AK162	NVS036	RECdelMTS	Young	LongPCR	Low	74	44	30	10079.07
MAid261_AK164	NVS036	RECdelMTS	Young	LongPCR	Low	94	24	70	10293.19
MAid261_AK154	NVS036	RECKO	Young	LongPCR	Low	86	53	33	8828.56
MAid261_AK148	NVS036	RECKO	Young	LongPCR	Low	75	39	36	10062.29
MAid261_AK158	NVS036	RECKO	Young	LongPCR	Low	165	128	37	7769.18
MAid261_AK190	NVS036	WT	Old	LongPCR	High	41	7	34	7938.2
MAid261_AK191	NVS036	WT	Old	LongPCR	High	39	8	31	8916.21
MAid261_AK200	NVS036	WT	Old	LongPCR	High	59	21	38	8104.02
MAid261_AK183	NVS036	RECdelMTS	Old	LongPCR	High	39	4	35	7357.04
MAid261_AK184	NVS036	RECdelMTS	Old	LongPCR	High	13	0	13	2319.58
MAid261_AK187	NVS036	RECdelMTS	Old	LongPCR	High	207	183	24	698.26
MAid261_AK186	NVS036	RECdelMTS	Old	LongPCR	High	69	28	41	7547.71
MAid261_AK114	NVS036	RECKO	Old	LongPCR	Highest	41	6	35	8942.88
MAid261_AK177	NVS036	RECKO	Old	LongPCR	Highest	96	68	28	4024.58
MAid261_AK174	NVS036	RECKO	Old	LongPCR	Highest	49	11	38	2792.76
MAid261_AK175	NVS036	RECKO	Old	LongPCR	Highest	34	3	31	6696.68
AK205	NVS040	WT	Young	decapitatedmale	Lowest	4	0	4	1048.65
AK206	NVS040	WT	Young	decapitatedmale	Lowest	3	0	3	710.52
AK207	NVS040	WT	Young	decapitatedmale	Lowest	4	0	4	1126.12
AK208	NVS040	WT	Young	decapitatedmale	Lowest	4	0	4	626.64
AK209	NVS040	WT	Young	decapitatedmale	Lowest	4	0	4	683.03
AK210	NVS040	RECdelMTS	Young	decapitatedmale	Low	14	4	10	813.93
AK211	NVS040	RECdelMTS	Young	decapitatedmale	Low	5	2	3	968.37
AK212	NVS040	RECdelMTS	Young	decapitatedmale	Low	5	0	5	825.7
AK213	NVS040	RECdelMTS	Young	decapitatedmale	Low	12	2	10	751.02
AK214	NVS040	RECdelMTS	Young	decapitatedmale	Low	6	3	3	767.67
AK215	NVS040	RECKO	Young	decapitatedmale	Low	7	1	6	862.81
AK216	NVS040	RECKO	Young	decapitatedmale	Low	6	0	6	937.96
AK217	NVS040	RECKO	Young	decapitatedmale	Low	6	0	6	670.92
AK218	NVS040	RECKO	Young	decapitatedmale	Low	5	1	4	725.18
AK219	NVS040	WT	Old	decapitatedmale	High	4	0	4	477.8
AK220	NVS040	WT	Old	decapitatedmale	High	15	4	11	593.88
AK221	NVS040	WT	Old	decapitatedmale	High	4	1	3	473.86
AK222	NVS040	WT	Old	decapitatedmale	High	6	0	6	639.49
AK223	NVS040	WT	Old	decapitatedmale	High	6	1	5	544.42
AK224	NVS040	RECdelMTS	Old	decapitatedmale	High	4	0	4	663.67
AK225	NVS040	RECdelMTS	Old	decapitatedmale	High	7	2	5	647.03
AK226	NVS040	RECdelMTS	Old	decapitatedmale	High	4	1	3	429.08
AK227	NVS040	RECdelMTS	Old	decapitatedmale	High	5	1	4	546.48
AK228	NVS040	RECdelMTS	Old	decapitatedmale	High	6	0	6	607.5
AK229	NVS040	RECKO	Old	decapitatedmale	Highest	16	5	11	712.28
AK230	NVS040	RECKO	Old	decapitatedmale	Highest	5	0	5	692.94
AK231	NVS040	RECKO	Old	decapitatedmale	Highest	13	2	11	942.18
AK232	NVS040	RECKO	Old	decapitatedmale	Highest	20	7	13	745.44
AK233	NVS040	RECKO	Old	decapitatedmale	Highest	2	0	2	608.3
AK234	NVS040	RECKO	Old	decapitatedmale	Highest	3	0	3	832.85
